epoch,avg_return,avg_pessimism_gap
2,-129.71452877746955,0.0
4,-422.8226153748631,0.0
6,-405.9509175320006,0.0
8,-538.1069270444827,0.0
10,-129.71452877746955,0.0
12,-130.24683111255422,0.0
14,-129.71452877746955,0.0
16,-129.71452877746955,0.0
18,-130.24728305251824,0.0
20,-123.5518163988357,0.0
22,-128.96190615031145,0.0
24,-139.25759459247567,0.0
26,-127.58898500888408,0.0
28,-138.689636605901,0.0
30,-201.93267175055,0.0
