avg_return,avg_pessimism_gap
-88.0,12.118237986709133
-88.0,12.118237986709133
