epoch,avg_return,avg_pessimism_gap
2,-108.0,103.01822386365943
4,-100.5,103.25647931098936
6,-87.0,102.06847236594375
8,-86.0,102.18879082276652
10,-108.0,103.53171048019867
12,-108.0,103.54194513956709
14,-88.0,101.84937479520087
16,-108.0,103.64667648739285
18,-88.0,101.80874468100188
20,-88.0,101.90995447081745
22,-89.0,101.9550023174286
24,-88.0,101.90995447081745
26,-89.0,101.81458081245427
28,-89.0,101.85480462551116
30,-100.0,102.28457912027832
