avg_return,avg_pessimism_gap
-89.0,11.961531295776368
-100.0,12.284579120278359
-100.0,12.284579120278359
-100.0,12.284579120278359
