epoch,avg_return,avg_pessimism_gap
2,-552.4989343013583,0.0
4,-246.9371015097513,0.0
6,-270.3790306082561,0.0
8,-316.73809899918933,0.0
10,-127.5521493607359,0.0
12,-175.4225951501494,0.0
14,-112.81017540368717,0.0
16,-195.43444856632132,0.0
18,-155.84057047855745,0.0
20,-329.0004584345446,0.0
22,-112.78271669804121,0.0
24,-154.17728871572587,0.0
26,-156.73359696541098,0.0
28,-126.4917063904724,0.0
30,-172.5616775833029,0.0
