avg_return,avg_pessimism_gap
-189.0,1.5091679739952086
-184.075,5.362939313422903
