avg_return,avg_pessimism_gap
-217.1668075485743,221.0849030839693
-217.1668075485743,193.36157544725054
