avg_return,avg_pessimism_gap
-129.71823942800614,177.80111896417634
-129.71823942800614,177.80111896417634
