avg_return,avg_pessimism_gap
-303.0196869203929,192.63982252473366
-303.0196869203929,192.63982252473366
-187.9780626019815,162.62346387203473
