epoch,step,min,max,mean,std
1,594,-0.8411270976066589,0.8821693658828735,0.0037069804966449738,0.1900903880596161
2,1188,-1.5050297975540161,1.973581314086914,0.016301849856972694,0.21943295001983643
3,1782,-0.6850110292434692,1.3934597969055176,0.012412378564476967,0.12087792158126831
4,2376,-2.0377564430236816,4.38151741027832,0.03264778107404709,0.4210677146911621
5,2970,-2.5606982707977295,3.1427996158599854,0.04398816078901291,0.5633764266967773
6,3564,-9.414093971252441,6.8592376708984375,-0.05566079542040825,1.3360174894332886
7,4158,-16.101076126098633,15.628499984741211,0.3691645562648773,2.1639692783355713
8,4752,-14.69056224822998,9.461732864379883,-0.26188725233078003,1.8615508079528809
9,5346,-8.5787353515625,6.6924028396606445,0.061280082911252975,0.7088689208030701
