epoch,step,min,max,mean,std
1,594,-0.9126763343811035,0.8871580958366394,0.006516876630485058,0.17731672525405884
2,1188,-1.848830223083496,1.796090006828308,0.010716750286519527,0.22675783932209015
3,1782,-0.5336462259292603,0.7334820032119751,0.007508577313274145,0.09762910008430481
4,2376,-2.1479973793029785,4.538853645324707,0.019673362374305725,0.4435987174510956
5,2970,-2.114199638366699,2.483102321624756,0.052117180079221725,0.5556422472000122
6,3564,-7.824159145355225,10.103748321533203,-0.06636196374893188,1.340587854385376
7,4158,-6.4786810874938965,18.05602264404297,0.3885917067527771,2.227185010910034
8,4752,-15.059574127197266,17.146656036376953,-0.23598000407218933,1.886973261833191
9,5346,-6.3574113845825195,8.77484130859375,0.05093441158533096,0.7921507358551025
