avg_return,avg_pessimism_gap
-129.71823942800614,171.28643775864296
